time,keyword,positive,negative,neutral
1678579200,#ETH,19,5,72
1678575600,#ETH,16,4,79
1678572000,#ETH,15,2,111
1678568400,#ETH,29,4,111
1678564800,#ETH,33,4,107
1678561200,#ETH,26,4,150
1678557600,#ETH,25,7,168
1678554000,#ETH,20,3,177
1678550400,#ETH,28,8,139
1678546800,#ETH,29,7,138
1678543200,#ETH,29,7,146
1678539600,#ETH,26,5,142
1678536000,#ETH,19,5,149
1678532400,#ETH,21,5,120
1678528800,#ETH,28,4,108
1678525200,#ETH,23,10,167
1678521600,#ETH,22,17,117
1678518000,#ETH,18,10,78
1678514400,#ETH,15,6,93
1678510800,#ETH,23,7,105
1678507200,#ETH,18,3,80
1678503600,#ETH,28,5,99
1678500000,#ETH,22,5,123
1678496400,#ETH,31,6,86
1678492800,#ETH,23,6,120
1678489200,#ETH,24,4,107
1678485600,#ETH,23,5,119
1678482000,#ETH,29,6,113
1678478400,#ETH,31,6,129
1678474800,#ETH,36,7,147
1678471200,#ETH,37,9,154
1678467600,#ETH,42,10,148
1678464000,#ETH,50,9,141
1678460400,#ETH,34,6,160
1678456800,#ETH,34,11,155
1678453200,#ETH,35,11,154
1678449600,#ETH,29,15,156
1678446000,#ETH,36,9,155
1678442400,#ETH,36,6,134
1678438800,#ETH,27,8,137
1678435200,#ETH,29,5,121
1678431600,#ETH,18,5,110
1678428000,#ETH,21,5,91
1678424400,#ETH,16,5,82
1678420800,#ETH,19,11,81
1678417200,#ETH,26,11,125
1678413600,#ETH,26,13,119
1678410000,#ETH,33,10,127
1678406400,#ETH,26,6,128
1678402800,#ETH,30,8,140
1678399200,#ETH,37,9,154
1678395600,#ETH,27,14,159
1678392000,#ETH,30,4,166
1678388400,#ETH,35,9,156
1678384800,#ETH,29,8,157
1678381200,#ETH,25,9,166
1678377600,#ETH,24,5,171
1678374000,#ETH,23,4,173
1678370400,#ETH,23,7,169
1678366800,#ETH,24,4,165
1678363200,#ETH,14,6,153
1678359600,#ETH,20,2,135
1678356000,#ETH,20,5,120
1678352400,#ETH,12,0,188
1678348800,#ETH,21,2,106
1678345200,#ETH,15,3,105
1678341600,#ETH,18,3,81
1678338000,#ETH,23,3,86
1678334400,#ETH,12,4,126
1678330800,#ETH,21,2,71
1678327200,#ETH,7,1,81
1678323600,#ETH,19,4,100
1678320000,#ETH,18,1,107
1678316400,#ETH,21,3,126
1678312800,#ETH,19,7,138
1678309200,#ETH,29,7,129
1678305600,#ETH,24,3,126
1678302000,#ETH,28,1,163
1678298400,#ETH,38,5,154
1678294800,#ETH,29,1,142
1678291200,#ETH,26,8,166
1678287600,#ETH,34,3,163
1678284000,#ETH,28,2,170
1678280400,#ETH,30,3,144
1678276800,#ETH,36,6,158
1678273200,#ETH,38,3,111
1678269600,#ETH,30,5,145
1678266000,#ETH,31,2,129
1678262400,#ETH,22,3,130
1678258800,#ETH,16,4,108
1678255200,#ETH,17,2,102
1678251600,#ETH,14,4,83
1678248000,#ETH,21,1,90
1678244400,#ETH,8,1,81
1678240800,#ETH,17,5,78
1678237200,#ETH,22,4,107
1678233600,#ETH,13,4,89
1678230000,#ETH,28,1,120
1678226400,#ETH,21,6,129
1678222800,#ETH,23,8,109
1678219200,#ETH,28,5,159
1678215600,#ETH,33,5,159
1678212000,#ETH,26,6,168
1678208400,#ETH,23,6,171
1678204800,#ETH,29,5,166
1678201200,#ETH,26,7,167
1678197600,#ETH,29,5,139
1678194000,#ETH,37,4,139
1678190400,#ETH,25,4,164
1678186800,#ETH,26,5,159
1678183200,#ETH,18,4,136
1678179600,#ETH,21,7,131
1678176000,#ETH,19,4,130
1678172400,#ETH,29,3,126
1678168800,#ETH,12,2,103
1678165200,#ETH,21,3,89
1678161600,#ETH,9,6,98
1678158000,#ETH,17,5,101
1678154400,#ETH,14,3,89
1678150800,#ETH,16,3,92
1678147200,#ETH,13,4,124
1678143600,#ETH,20,8,92
1678140000,#ETH,17,8,129
1678136400,#ETH,29,11,140
1678132800,#ETH,28,5,167
1678129200,#ETH,31,9,160
1678125600,#ETH,33,6,145
1678122000,#ETH,33,6,161
1678118400,#ETH,14,2,184
1678114800,#ETH,23,3,174
1678111200,#ETH,23,4,173
1678107600,#ETH,31,9,160
1678104000,#ETH,27,5,168
1678100400,#ETH,27,4,169
1678096800,#ETH,38,5,157
1678093200,#ETH,22,2,149
1678089600,#ETH,33,6,117
1678086000,#ETH,17,9,113
1678082400,#ETH,18,6,106
1678078800,#ETH,20,4,96
1678075200,#ETH,19,8,96
1678071600,#ETH,36,11,93
1678068000,#ETH,14,7,94
1678064400,#ETH,26,5,80
1678060800,#ETH,17,5,90
1678057200,#ETH,22,6,96
1678053600,#ETH,18,6,110
1678050000,#ETH,23,6,109
1678046400,#ETH,25,3,139
1678042800,#ETH,22,12,140
1678039200,#ETH,35,8,119
1678035600,#ETH,34,5,114
1678032000,#ETH,43,6,125
1678028400,#ETH,25,4,134
1678024800,#ETH,29,1,119
1678021200,#ETH,19,6,130
1678017600,#ETH,27,5,118
1678014000,#ETH,21,5,108
1678010400,#ETH,26,1,121
1678006800,#ETH,30,3,108
1678003200,#ETH,15,3,111
1677999600,#ETH,17,4,91
1677996000,#ETH,10,2,78
1677992400,#ETH,23,1,84
1677988800,#ETH,12,4,69
1677985200,#ETH,20,2,95
1677981600,#ETH,17,8,106
1677978000,#ETH,23,2,112
1677974400,#ETH,24,5,93
1677970800,#ETH,19,5,112
1677967200,#ETH,27,4,125
1677963600,#ETH,24,5,162
1677960000,#ETH,19,2,112
1677956400,#ETH,22,4,119
1677952800,#ETH,38,4,137
1677949200,#ETH,33,2,162
1677945600,#ETH,36,2,162
1677942000,#ETH,24,3,164
1677938400,#ETH,24,4,137
1677934800,#ETH,31,7,162
1677931200,#ETH,22,7,135
1677927600,#ETH,27,9,118
1677924000,#ETH,14,6,115
1677920400,#ETH,26,4,108
1677916800,#ETH,19,5,70
1677913200,#ETH,11,4,101
1677909600,#ETH,18,6,59
1677906000,#ETH,14,5,75
1677902400,#ETH,15,6,100
1677898800,#ETH,25,4,78
1677895200,#ETH,19,5,67
1677891600,#ETH,28,6,106
1677888000,#ETH,31,7,90
1677884400,#ETH,28,5,111
1677880800,#ETH,24,4,112
1677877200,#ETH,30,7,149
1677873600,#ETH,41,6,134
1677870000,#ETH,33,7,160
1677866400,#ETH,37,7,156
1677862800,#ETH,34,7,159
1677859200,#ETH,30,5,165
1677855600,#ETH,25,6,169
1677852000,#ETH,28,6,154
1677848400,#ETH,29,7,145
1677844800,#ETH,29,6,164
1677841200,#ETH,33,6,146
1677837600,#ETH,23,5,150
1677834000,#ETH,20,5,151
1677830400,#ETH,27,7,132
1677826800,#ETH,30,7,126
1677823200,#ETH,20,4,110
1677819600,#ETH,19,0,105
1677816000,#ETH,19,5,129
1677812400,#ETH,27,5,147
1677808800,#ETH,25,9,132
1677805200,#ETH,26,1,124
1677801600,#ETH,27,5,114
1677798000,#ETH,21,0,122
1677794400,#ETH,20,2,130
1677790800,#ETH,31,4,157
1677787200,#ETH,26,2,146
1677783600,#ETH,32,7,151
1677780000,#ETH,33,5,162
1677776400,#ETH,25,6,169
1677772800,#ETH,23,2,175
1677769200,#ETH,23,6,171
1677765600,#ETH,18,4,178
1677762000,#ETH,34,2,164
1677758400,#ETH,32,6,162
1677754800,#ETH,34,6,155
1677751200,#ETH,18,7,139
1677747600,#ETH,25,0,128
1677744000,#ETH,29,2,123
1677740400,#ETH,21,4,116
1677736800,#ETH,19,1,84
1677733200,#ETH,25,0,95
1677729600,#ETH,14,5,93
1677726000,#ETH,12,1,91
1677722400,#ETH,23,3,92
1677718800,#ETH,25,7,137
1677715200,#ETH,24,1,94
1677711600,#ETH,24,1,112
1677708000,#ETH,24,4,118
1677704400,#ETH,34,2,164
1677700800,#ETH,31,2,160
1677697200,#ETH,33,8,159
1677693600,#ETH,28,1,171
1677690000,#ETH,36,6,158
1677686400,#ETH,22,8,170
1677682800,#ETH,34,3,163
1677679200,#ETH,29,2,169
1677675600,#ETH,25,7,168
1677672000,#ETH,27,0,162
1677668400,#ETH,28,1,139
1677664800,#ETH,0,0,0
1677661200,#ETH,0,0,0
1677657600,#ETH,0,0,0
1677654000,#ETH,0,0,0
1677650400,#ETH,0,0,0
1677646800,#ETH,0,0,0
1677643200,#ETH,0,0,0
1677639600,#ETH,0,0,0
1677636000,#ETH,0,0,0
1677632400,#ETH,0,0,0
1677628800,#ETH,0,0,0
1677625200,#ETH,0,0,0
1677621600,#ETH,0,0,0
1677618000,#ETH,0,0,0
1677614400,#ETH,0,0,0
1677610800,#ETH,0,0,0
1677607200,#ETH,0,0,0
1677603600,#ETH,0,0,0
1677600000,#ETH,0,0,0
1677596400,#ETH,0,0,0
1677592800,#ETH,0,0,0
1677589200,#ETH,0,0,0
1677585600,#ETH,0,0,0
1677582000,#ETH,0,0,0
1677578400,#ETH,0,0,0
1677574800,#ETH,0,0,0
1677571200,#ETH,0,0,0
1677567600,#ETH,0,0,0
1677564000,#ETH,0,0,0
1677560400,#ETH,0,0,0
1677556800,#ETH,0,0,0
1677553200,#ETH,0,0,0
1677549600,#ETH,0,0,0
1677546000,#ETH,0,0,0
1677542400,#ETH,22,2,118
1677538800,#ETH,18,2,109
1677535200,#ETH,31,6,128
1677531600,#ETH,28,4,167
1677528000,#ETH,37,9,154
1677524400,#ETH,34,2,164
1677520800,#ETH,30,6,164
1677517200,#ETH,35,3,162
1677513600,#ETH,27,4,169
1677510000,#ETH,27,6,157
1677506400,#ETH,37,5,158
1677502800,#ETH,37,2,161
1677499200,#ETH,21,4,174
1677495600,#ETH,31,2,167
1677492000,#ETH,23,3,148
1677488400,#ETH,24,2,152
1677484800,#ETH,23,4,119
1677481200,#ETH,25,3,118
1677477600,#ETH,15,1,96
1677474000,#ETH,19,2,102
1677470400,#ETH,12,2,114
1677466800,#ETH,20,1,107
1677463200,#ETH,22,2,89
1677459600,#ETH,24,4,105
1677456000,#ETH,22,2,96
1677452400,#ETH,22,3,103
1677448800,#ETH,28,2,116
1677445200,#ETH,43,3,154
1677441600,#ETH,44,4,152
1677438000,#ETH,66,1,133
1677434400,#ETH,32,7,149
1677430800,#ETH,26,6,146
1677427200,#ETH,37,8,155
1677423600,#ETH,38,2,157
1677420000,#ETH,33,2,132
1677416400,#ETH,28,3,146
1677412800,#ETH,24,5,159
1677409200,#ETH,33,5,155
1677405600,#ETH,24,2,138
1677402000,#ETH,23,4,125
1677398400,#ETH,26,0,115
1677394800,#ETH,19,2,103
1677391200,#ETH,10,1,93
1677387600,#ETH,24,4,80
1677384000,#ETH,15,3,84
1677380400,#ETH,21,4,111
1677376800,#ETH,22,1,68
1677373200,#ETH,21,1,80
1677369600,#ETH,14,2,106
1677366000,#ETH,24,2,108
1677362400,#ETH,33,2,111
1677358800,#ETH,27,1,127
1677355200,#ETH,22,1,116
1677351600,#ETH,32,1,135
1677348000,#ETH,32,5,144
1677344400,#ETH,18,7,142
1677340800,#ETH,29,2,154
1677337200,#ETH,32,5,136
1677333600,#ETH,33,5,162
1677330000,#ETH,31,4,140
1677326400,#ETH,21,3,152
1677322800,#ETH,22,2,129
1677319200,#ETH,20,5,118
1677315600,#ETH,20,2,86
1677312000,#ETH,24,3,103
1677308400,#ETH,18,2,96
1677304800,#ETH,10,0,73
1677301200,#ETH,7,2,56
1677297600,#ETH,18,3,92
1677294000,#ETH,12,1,83
1677290400,#ETH,32,1,87
1677286800,#ETH,20,0,80
1677283200,#ETH,9,3,107
1677279600,#ETH,30,2,143
1677276000,#ETH,28,3,122
1677272400,#ETH,29,1,164
1677268800,#ETH,32,3,143
1677265200,#ETH,22,2,136
1677261600,#ETH,30,5,155
1677258000,#ETH,31,2,167
1677254400,#ETH,35,3,162
1677250800,#ETH,27,5,168
1677247200,#ETH,24,1,175
1677243600,#ETH,28,4,168
1677240000,#ETH,25,0,175
1677236400,#ETH,23,3,174
1677232800,#ETH,18,4,170
1677229200,#ETH,22,2,135
1677225600,#ETH,17,3,122
1677222000,#ETH,18,5,122
1677218400,#ETH,21,1,89
1677214800,#ETH,27,1,84
1677211200,#ETH,16,0,93
1677207600,#ETH,16,2,88
1677204000,#ETH,20,1,111
1677200400,#ETH,26,6,113
1677196800,#ETH,27,4,113
1677193200,#ETH,44,7,130
1677189600,#ETH,45,4,150
1677186000,#ETH,24,2,142
1677182400,#ETH,40,7,144
1677178800,#ETH,32,12,156
1677175200,#ETH,32,11,157
1677171600,#ETH,24,2,169
1677168000,#ETH,39,4,157
1677164400,#ETH,31,4,165
1677160800,#ETH,24,1,175
1677157200,#ETH,38,4,147
1677153600,#ETH,25,1,174
1677150000,#ETH,27,2,164
1677146400,#ETH,20,3,149
1677142800,#ETH,23,4,139
1677139200,#ETH,24,3,117
1677135600,#ETH,17,3,147
1677132000,#ETH,17,1,107
1677128400,#ETH,24,1,83
1677124800,#ETH,16,1,104
1677121200,#ETH,13,1,124
1677117600,#ETH,15,1,78
1677114000,#ETH,19,1,171
1677110400,#ETH,25,3,137
1677106800,#ETH,24,2,123
1677103200,#ETH,32,0,109
1677099600,#ETH,18,2,109
1677096000,#ETH,27,7,121
1677092400,#ETH,26,3,136
1677088800,#ETH,35,5,160
1677085200,#ETH,17,3,180
1677081600,#ETH,30,3,167
1677078000,#ETH,25,2,173
1677074400,#ETH,23,2,175
1677070800,#ETH,30,0,170
1677067200,#ETH,24,4,172
1677063600,#ETH,22,2,150
1677060000,#ETH,13,4,170
1677056400,#ETH,19,6,149
1677052800,#ETH,28,1,122
1677049200,#ETH,20,6,114
1677045600,#ETH,16,3,75
1677042000,#ETH,15,4,99
1677038400,#ETH,17,2,91
1677034800,#ETH,16,3,156
1677031200,#ETH,21,3,118
1677027600,#ETH,16,0,127
1677024000,#ETH,26,4,134
1677020400,#ETH,20,4,117
1677016800,#ETH,26,3,163
1677013200,#ETH,0,0,0
1677009600,#ETH,0,0,0
1677006000,#ETH,0,0,0
1677002400,#ETH,0,0,0
1676998800,#ETH,0,0,0
1676995200,#ETH,0,0,0
1676991600,#ETH,0,0,0
1676988000,#ETH,0,0,0
1676984400,#ETH,0,0,0
1676980800,#ETH,0,0,0
1676977200,#ETH,0,0,0
1676973600,#ETH,0,0,0
1676970000,#ETH,0,0,0
1676966400,#ETH,0,0,0
1676962800,#ETH,0,0,0
1676959200,#ETH,0,0,0
1676955600,#ETH,20,1,108
1676952000,#ETH,24,5,121
1676948400,#ETH,14,1,120
1676944800,#ETH,18,2,104
1676941200,#ETH,19,3,122
1676937600,#ETH,20,4,117
1676934000,#ETH,31,1,123
1676930400,#ETH,26,3,126
1676926800,#ETH,25,6,169
1676923200,#ETH,36,2,162
1676919600,#ETH,25,1,155
1676916000,#ETH,43,5,152
1676912400,#ETH,31,1,168
1676908800,#ETH,28,2,170
1676905200,#ETH,31,4,165
1676901600,#ETH,29,2,169
1676898000,#ETH,30,2,168
1676894400,#ETH,31,6,163
1676890800,#ETH,30,8,162
1676887200,#ETH,21,3,172
1676883600,#ETH,28,1,151
1676880000,#ETH,16,2,125
1676876400,#ETH,16,3,119
1676872800,#ETH,12,2,112
1676869200,#ETH,18,6,115
1676865600,#ETH,28,2,105
1676862000,#ETH,16,1,122
1676858400,#ETH,18,1,110
1676854800,#ETH,25,2,106
1676851200,#ETH,21,0,121
1676847600,#ETH,27,3,122
1676844000,#ETH,33,2,147
1676840400,#ETH,29,3,140
1676836800,#ETH,30,6,164
1676833200,#ETH,30,6,164
1676829600,#ETH,25,3,172
1676826000,#ETH,39,5,156
1676822400,#ETH,26,4,170
1676818800,#ETH,37,4,154
1676815200,#ETH,30,3,146
1676811600,#ETH,32,5,145
1676808000,#ETH,23,0,177
1676804400,#ETH,29,3,126
1676800800,#ETH,28,2,120
1676797200,#ETH,20,1,124
1676793600,#ETH,16,2,100
1676790000,#ETH,19,1,98
1676786400,#ETH,12,1,96
1676782800,#ETH,22,2,87
1676779200,#ETH,16,1,91
1676775600,#ETH,14,2,82
1676772000,#ETH,15,2,95
1676768400,#ETH,27,2,111
1676764800,#ETH,23,3,120
1676761200,#ETH,22,1,126
1676757600,#ETH,25,3,142
1676754000,#ETH,31,2,147
1676750400,#ETH,35,8,157
1676746800,#ETH,23,8,155
1676743200,#ETH,0,0,0
1676739600,#ETH,0,0,0
1676736000,#ETH,0,0,0
1676732400,#ETH,0,0,0
1676728800,#ETH,0,0,0
1676725200,#ETH,0,0,0
1676721600,#ETH,0,0,0
1676718000,#ETH,0,0,0
1676714400,#ETH,0,0,0
1676710800,#ETH,0,0,0
1676707200,#ETH,0,0,0
1676703600,#ETH,0,0,0
1676700000,#ETH,0,0,0
1676696400,#ETH,0,0,0
1676692800,#ETH,0,0,0
1676689200,#ETH,0,0,0
1676685600,#ETH,0,0,0
1676682000,#ETH,0,0,0
1676678400,#ETH,0,0,0
1676674800,#ETH,0,0,0
1676671200,#ETH,0,0,0
1676667600,#ETH,0,0,0
1676664000,#ETH,0,0,0
1676660400,#ETH,0,0,0
1676656800,#ETH,0,0,0
1676653200,#ETH,0,0,0
1676649600,#ETH,0,0,0
1676646000,#ETH,0,0,0
1676642400,#ETH,0,0,0
1676638800,#ETH,0,0,0
1676635200,#ETH,0,0,0
1676631600,#ETH,23,6,131
1676628000,#ETH,24,1,166
1676624400,#ETH,29,0,146
1676620800,#ETH,23,5,124
1676617200,#ETH,18,3,113
1676613600,#ETH,16,3,120
1676610000,#ETH,18,5,145
1676606400,#ETH,23,3,108
1676602800,#ETH,22,5,125
1676599200,#ETH,24,2,109
1676595600,#ETH,31,6,106
1676592000,#ETH,19,4,105
1676588400,#ETH,32,8,160
1676584800,#ETH,33,5,152
1676581200,#ETH,33,1,157
1676577600,#ETH,38,5,145
1676574000,#ETH,35,3,158
1676570400,#ETH,30,4,166
1676566800,#ETH,33,6,161
1676563200,#ETH,34,6,160
1676559600,#ETH,37,2,161
1676556000,#ETH,18,1,181
1676552400,#ETH,27,3,147
1676548800,#ETH,32,5,136
1676545200,#ETH,33,2,140
1676541600,#ETH,22,1,135
1676538000,#ETH,24,2,131
1676534400,#ETH,23,1,118
1676530800,#ETH,21,5,131
1676527200,#ETH,13,1,104
1676523600,#ETH,25,2,76
1676520000,#ETH,26,3,90
1676516400,#ETH,19,2,115
1676512800,#ETH,26,1,123
1676509200,#ETH,27,8,148
1676505600,#ETH,28,3,122
1676502000,#ETH,34,3,140
1676498400,#ETH,37,4,159
1676494800,#ETH,34,3,163
1676491200,#ETH,24,8,168
1676487600,#ETH,33,1,166
1676484000,#ETH,26,4,170
1676480400,#ETH,39,5,156
1676476800,#ETH,28,2,170
1676473200,#ETH,32,6,162
1676469600,#ETH,24,2,174
1676466000,#ETH,31,2,167
1676462400,#ETH,31,2,167
1676458800,#ETH,20,1,162
1676455200,#ETH,19,6,150
1676451600,#ETH,24,1,155
1676448000,#ETH,34,1,120
1676444400,#ETH,24,3,101
1676440800,#ETH,18,0,107
1676437200,#ETH,17,2,97
1676433600,#ETH,16,3,110
1676430000,#ETH,21,4,144
1676426400,#ETH,19,3,83
1676422800,#ETH,20,0,110
1676419200,#ETH,32,4,117
1676415600,#ETH,28,2,128
1676412000,#ETH,44,1,133
1676408400,#ETH,42,2,156
1676404800,#ETH,34,5,161
1676401200,#ETH,40,9,151
1676397600,#ETH,43,3,145
1676394000,#ETH,47,4,149
1676390400,#ETH,26,3,171
1676386800,#ETH,31,6,163
1676383200,#ETH,39,3,158
1676379600,#ETH,37,3,160
1676376000,#ETH,43,3,146
1676372400,#ETH,40,2,158
1676368800,#ETH,36,4,160
1676365200,#ETH,31,2,158
1676361600,#ETH,27,1,120
1676358000,#ETH,25,1,101
1676354400,#ETH,18,1,91
1676350800,#ETH,18,6,94
1676347200,#ETH,24,3,93
1676343600,#ETH,28,1,99
1676340000,#ETH,28,1,91
1676336400,#ETH,20,2,115
1676332800,#ETH,19,2,124
1676329200,#ETH,23,1,115
1676325600,#ETH,33,4,125
1676322000,#ETH,26,5,163
1676318400,#ETH,35,0,155
1676314800,#ETH,35,3,162
1676311200,#ETH,50,5,145
1676307600,#ETH,23,12,165
1676304000,#ETH,40,4,156
1676300400,#ETH,40,8,152
1676296800,#ETH,34,3,163
1676293200,#ETH,29,8,149
1676289600,#ETH,26,7,167
1676286000,#ETH,25,4,171
1676282400,#ETH,18,2,180
1676278800,#ETH,26,4,167
1676275200,#ETH,23,1,107
1676271600,#ETH,20,2,139
1676268000,#ETH,18,3,82
1676264400,#ETH,23,4,87
1676260800,#ETH,13,2,103
1676257200,#ETH,13,2,109
1676253600,#ETH,17,1,73
1676250000,#ETH,20,3,108
1676246400,#ETH,20,2,110
1676242800,#ETH,20,4,153
1676239200,#ETH,28,4,152
1676235600,#ETH,20,2,135
1676232000,#ETH,21,4,140
1676228400,#ETH,36,5,131
1676224800,#ETH,34,4,161
1676221200,#ETH,33,2,165
1676217600,#ETH,43,6,151
1676214000,#ETH,34,3,151
1676210400,#ETH,27,2,140
1676206800,#ETH,23,2,115
1676203200,#ETH,23,0,144
1676199600,#ETH,29,1,157
1676196000,#ETH,20,0,117
1676192400,#ETH,25,1,127
1676188800,#ETH,26,2,114
1676185200,#ETH,14,4,92
1676181600,#ETH,9,2,88
1676178000,#ETH,17,3,90
1676174400,#ETH,22,4,100
1676170800,#ETH,16,1,95
1676167200,#ETH,26,1,86
1676163600,#ETH,25,2,126
1676160000,#ETH,14,2,96
1676156400,#ETH,20,2,124
1676152800,#ETH,28,2,117
1676149200,#ETH,31,2,141
1676145600,#ETH,39,3,121
1676142000,#ETH,35,6,143
1676138400,#ETH,33,5,158
1676134800,#ETH,34,0,166
1676131200,#ETH,31,8,161
1676127600,#ETH,35,4,161
1676124000,#ETH,32,4,164
1676120400,#ETH,33,4,145
1676116800,#ETH,26,3,150
1676113200,#ETH,36,3,142
1676109600,#ETH,36,6,142
1676106000,#ETH,35,6,113
1676102400,#ETH,26,2,101
1676098800,#ETH,16,5,129
1676095200,#ETH,26,1,104
1676091600,#ETH,20,4,77
1676088000,#ETH,19,4,100
1676084400,#ETH,19,5,76
1676080800,#ETH,21,0,120
1676077200,#ETH,36,1,124
1676073600,#ETH,22,3,116
1676070000,#ETH,37,4,133
1676066400,#ETH,34,4,162
1676062800,#ETH,38,3,159
1676059200,#ETH,28,3,161
1676055600,#ETH,35,5,148
1676052000,#ETH,42,5,153
1676048400,#ETH,35,5,160
1676044800,#ETH,46,4,150
1676041200,#ETH,32,8,160
1676037600,#ETH,36,4,160
1676034000,#ETH,39,1,160
1676030400,#ETH,25,3,172
1676026800,#ETH,29,1,165
1676023200,#ETH,39,2,159
1676019600,#ETH,35,4,161
1676016000,#ETH,30,3,159
1676012400,#ETH,25,1,146
1676008800,#ETH,25,3,142
1676005200,#ETH,19,7,174
1676001600,#ETH,23,3,122
1675998000,#ETH,28,5,131
1675994400,#ETH,22,3,139
1675990800,#ETH,26,3,122
1675987200,#ETH,27,1,143
1675983600,#ETH,37,6,157
1675980000,#ETH,43,8,149
1675976400,#ETH,31,8,161
1675972800,#ETH,46,6,148
1675969200,#ETH,33,4,163
1675965600,#ETH,41,6,153
1675962000,#ETH,38,2,160
1675958400,#ETH,31,0,169
1675954800,#ETH,35,3,162
1675951200,#ETH,31,3,166
1675947600,#ETH,28,4,168
1675944000,#ETH,26,5,169
1675940400,#ETH,34,5,161
1675936800,#ETH,39,2,159
1675933200,#ETH,31,1,152
1675929600,#ETH,29,1,162
1675926000,#ETH,20,2,142
1675922400,#ETH,19,4,122
1675918800,#ETH,22,3,104
1675915200,#ETH,41,2,152
1675911600,#ETH,23,1,127
1675908000,#ETH,28,3,111
1675904400,#ETH,27,2,132
1675900800,#ETH,40,7,143
1675897200,#ETH,8,0,79
1675893600,#ETH,37,2,122
1675890000,#ETH,36,0,164
1675886400,#ETH,38,3,159
1675882800,#ETH,44,2,154
1675879200,#ETH,34,3,163
1675875600,#ETH,32,2,166
1675872000,#ETH,29,4,167
1675868400,#ETH,33,5,162
1675864800,#ETH,34,4,162
1675861200,#ETH,28,0,172
1675857600,#ETH,31,4,165
1675854000,#ETH,29,2,169
1675850400,#ETH,36,2,162
1675846800,#ETH,27,1,172
1675843200,#ETH,33,1,164
1675839600,#ETH,21,3,157
1675836000,#ETH,29,2,141
1675832400,#ETH,20,3,132
1675828800,#ETH,28,2,156
1675825200,#ETH,37,0,135
1675821600,#ETH,24,1,158
1675818000,#ETH,21,2,162
1675814400,#ETH,27,4,169
1675810800,#ETH,33,2,163
1675807200,#ETH,40,0,160
1675803600,#ETH,37,2,161
1675800000,#ETH,36,2,162
1675796400,#ETH,31,1,168
1675792800,#ETH,25,5,170
1675789200,#ETH,28,7,165
1675785600,#ETH,28,3,169
1675782000,#ETH,25,1,174
1675778400,#ETH,39,3,158
1675774800,#ETH,34,3,163
1675771200,#ETH,37,0,163
1675767600,#ETH,35,2,163
1675764000,#ETH,39,3,158
1675760400,#ETH,22,4,174
1675756800,#ETH,24,4,164
1675753200,#ETH,28,7,165
1675749600,#ETH,20,4,158
1675746000,#ETH,32,10,158
1675742400,#ETH,31,8,161
1675738800,#ETH,42,6,152
1675735200,#ETH,32,9,159
1675731600,#ETH,39,6,155
1675728000,#ETH,30,2,168
1675724400,#ETH,45,3,152
1675720800,#ETH,36,9,155
1675717200,#ETH,25,6,169
1675713600,#ETH,43,6,151
1675710000,#ETH,34,8,158
1675706400,#ETH,36,8,156
1675702800,#ETH,33,7,160
1675699200,#ETH,29,5,166
1675695600,#ETH,21,5,174
1675692000,#ETH,25,7,168
1675688400,#ETH,27,7,166
1675684800,#ETH,33,5,162
1675681200,#ETH,30,5,165
1675677600,#ETH,25,3,172
1675674000,#ETH,36,3,161
1675670400,#ETH,31,6,163
1675666800,#ETH,24,4,172
1675663200,#ETH,27,4,169
1675659600,#ETH,29,2,161
1675656000,#ETH,26,6,161
1675652400,#ETH,24,2,151
1675648800,#ETH,24,5,154
1675645200,#ETH,33,10,157
1675641600,#ETH,30,9,161
1675638000,#ETH,44,8,148
1675634400,#ETH,34,4,162
1675630800,#ETH,39,11,150
1675627200,#ETH,41,10,149
1675623600,#ETH,39,6,155
1675620000,#ETH,32,9,159
1675616400,#ETH,31,4,165
1675612800,#ETH,38,6,156
1675609200,#ETH,26,7,167
1675605600,#ETH,41,4,155
1675602000,#ETH,28,4,168
1675598400,#ETH,34,4,162
1675594800,#ETH,22,5,173
1675591200,#ETH,39,5,156
1675587600,#ETH,31,5,164
1675584000,#ETH,34,8,158
1675580400,#ETH,36,6,158
1675576800,#ETH,30,5,152
1675573200,#ETH,31,2,144
1675569600,#ETH,25,12,163
1675566000,#ETH,29,7,164
1675562400,#ETH,27,5,168
1675558800,#ETH,16,9,175
1675555200,#ETH,16,4,180
1675551600,#ETH,33,4,163
1675548000,#ETH,29,6,165
1675544400,#ETH,29,4,167
1675540800,#ETH,36,2,162
1675537200,#ETH,36,4,160
1675533600,#ETH,37,11,152
1675530000,#ETH,31,12,157
1675526400,#ETH,37,3,160
1675522800,#ETH,38,5,157
1675519200,#ETH,33,10,157
1675515600,#ETH,23,3,174
1675512000,#ETH,33,4,163
1675508400,#ETH,33,6,161
1675504800,#ETH,30,8,162
1675501200,#ETH,20,5,175
1675497600,#ETH,26,3,168
1675494000,#ETH,29,3,168
1675490400,#ETH,31,7,160
1675486800,#ETH,29,6,165
1675483200,#ETH,29,7,145
1675479600,#ETH,33,4,163
1675476000,#ETH,28,5,167
1675472400,#ETH,25,6,169
1675468800,#ETH,33,7,160
1675465200,#ETH,34,5,161
1675461600,#ETH,38,0,162
1675458000,#ETH,31,5,164
1675454400,#ETH,40,5,155
1675450800,#ETH,28,4,168
1675447200,#ETH,36,4,160
1675443600,#ETH,31,3,166
1675440000,#ETH,35,11,154
1675436400,#ETH,25,10,165
1675432800,#ETH,20,2,178
1675429200,#ETH,30,3,167
1675425600,#ETH,31,9,160
1675422000,#ETH,36,3,161
1675418400,#ETH,39,6,155
1675414800,#ETH,28,4,168
1675411200,#ETH,25,5,170
1675407600,#ETH,32,10,158
1675404000,#ETH,23,7,170
1675400400,#ETH,26,5,169
1675396800,#ETH,33,4,163
1675393200,#ETH,32,5,163
1675389600,#ETH,33,2,165
1675386000,#ETH,22,5,173
1675382400,#ETH,31,3,166
1675378800,#ETH,30,4,166
1675375200,#ETH,24,2,174
1675371600,#ETH,37,4,159
1675368000,#ETH,22,3,175
1675364400,#ETH,27,4,169
1675360800,#ETH,21,4,175
1675357200,#ETH,35,4,161
1675353600,#ETH,27,4,169
1675350000,#ETH,20,6,174
1675346400,#ETH,17,4,179
1675342800,#ETH,30,4,166
1675339200,#ETH,22,2,176
1675335600,#ETH,23,7,170
1675332000,#ETH,29,8,163
1675328400,#ETH,31,5,164
1675324800,#ETH,23,5,172
1675321200,#ETH,24,8,168
1675317600,#ETH,25,4,171
1675314000,#ETH,25,6,169
1675310400,#ETH,23,5,172
1675306800,#ETH,30,6,164
1675303200,#ETH,20,3,177
1675299600,#ETH,18,1,181
1675296000,#ETH,27,8,165
1675292400,#ETH,25,4,171
1675288800,#ETH,37,4,159
1675285200,#ETH,22,4,174
1675281600,#ETH,22,4,174
1675278000,#ETH,22,2,176
1675274400,#ETH,33,4,163
1675270800,#ETH,36,2,162
1675267200,#ETH,35,5,160
1675263600,#ETH,20,3,177
1675260000,#ETH,23,4,173
1675256400,#ETH,15,3,182
1675252800,#ETH,20,7,173
1675249200,#ETH,27,6,167
1675245600,#ETH,23,3,174
1675242000,#ETH,26,3,171
1675238400,#ETH,26,3,171
1675234800,#ETH,20,1,179
1675231200,#ETH,27,4,169
1675227600,#ETH,36,6,158
1675224000,#ETH,35,9,156
1675220400,#ETH,27,5,168
1675216800,#ETH,23,0,158
1675213200,#ETH,26,3,171
1675209600,#ETH,29,6,165
1675206000,#ETH,41,1,158
1675202400,#ETH,40,3,157
1675198800,#ETH,32,1,167
1675195200,#ETH,23,6,171
1675191600,#ETH,37,2,161
1675188000,#ETH,31,7,162
1675184400,#ETH,26,4,170
1675180800,#ETH,23,5,172
1675177200,#ETH,28,4,168
1675173600,#ETH,23,3,174
1675170000,#ETH,22,3,175
1675166400,#ETH,29,7,164
1675162800,#ETH,30,2,168
1675159200,#ETH,23,6,171
1675155600,#ETH,32,1,167
1675152000,#ETH,30,3,167
1675148400,#ETH,32,2,163
1675144800,#ETH,30,5,153
1675141200,#ETH,18,6,152
1675137600,#ETH,34,4,157
1675134000,#ETH,23,5,172
1675130400,#ETH,19,4,158
1675126800,#ETH,26,3,171
1675123200,#ETH,19,6,175
1675119600,#ETH,28,3,169
1675116000,#ETH,32,3,165
1675112400,#ETH,34,5,161
1675108800,#ETH,30,3,167
1675105200,#ETH,27,6,167
1675101600,#ETH,34,4,162
1675098000,#ETH,34,4,162
1675094400,#ETH,26,3,171
1675090800,#ETH,28,3,169
1675087200,#ETH,27,2,171
1675083600,#ETH,24,2,174
1675080000,#ETH,24,4,172
1675076400,#ETH,23,2,175
1675072800,#ETH,31,4,165
1675069200,#ETH,22,3,175
1675065600,#ETH,21,5,174
1675062000,#ETH,27,3,170
1675058400,#ETH,25,4,171
1675054800,#ETH,22,2,174
1675051200,#ETH,35,7,158
1675047600,#ETH,21,5,174
1675044000,#ETH,30,5,161
1675040400,#ETH,22,8,170
1675036800,#ETH,26,1,173
1675033200,#ETH,31,5,164
1675029600,#ETH,28,5,167
1675026000,#ETH,27,1,172
1675022400,#ETH,35,1,164
1675018800,#ETH,26,2,172
1675015200,#ETH,32,5,163
1675011600,#ETH,25,3,172
1675008000,#ETH,36,9,155
1675004400,#ETH,34,2,164
1675000800,#ETH,33,4,163
1674997200,#ETH,25,3,172
1674993600,#ETH,24,1,175
1674990000,#ETH,22,3,175
1674986400,#ETH,24,4,172
1674982800,#ETH,31,4,165
1674979200,#ETH,25,5,170
1674975600,#ETH,21,3,151
1674972000,#ETH,28,4,160
1674968400,#ETH,23,5,169
1674964800,#ETH,20,0,145
1674961200,#ETH,28,2,162
1674957600,#ETH,29,4,167
1674954000,#ETH,29,4,167
1674950400,#ETH,24,7,169
1674946800,#ETH,36,3,161
1674943200,#ETH,24,4,172
1674939600,#ETH,30,3,167
1674936000,#ETH,36,2,162
1674932400,#ETH,21,5,174
1674928800,#ETH,19,4,177
1674925200,#ETH,23,3,174
1674921600,#ETH,41,7,152
1674918000,#ETH,29,6,165
1674914400,#ETH,29,6,165
1674910800,#ETH,26,1,173
1674907200,#ETH,33,4,163
1674903600,#ETH,22,4,174
1674900000,#ETH,36,1,163
1674896400,#ETH,20,3,177
1674892800,#ETH,18,4,178
1674889200,#ETH,27,1,172
1674885600,#ETH,26,6,168
1674882000,#ETH,30,3,141
1674878400,#ETH,29,5,165
1674874800,#ETH,25,3,172
1674871200,#ETH,30,2,168
1674867600,#ETH,23,4,173
1674864000,#ETH,30,1,169
1674860400,#ETH,36,4,160
1674856800,#ETH,30,4,166
1674853200,#ETH,23,5,172
1674849600,#ETH,25,4,171
1674846000,#ETH,31,5,164
1674842400,#ETH,21,1,178
1674838800,#ETH,24,9,167
1674835200,#ETH,30,3,167
1674831600,#ETH,30,6,164
1674828000,#ETH,30,5,165
1674824400,#ETH,18,3,179
1674820800,#ETH,24,5,171
1674817200,#ETH,30,2,168
1674813600,#ETH,30,4,166
1674810000,#ETH,14,3,183
1674806400,#ETH,21,2,177
1674802800,#ETH,19,3,178
1674799200,#ETH,20,4,176
1674795600,#ETH,13,4,155
1674792000,#ETH,16,2,146
1674788400,#ETH,17,4,179
1674784800,#ETH,16,0,184
1674781200,#ETH,22,3,175
1674777600,#ETH,18,3,179
1674774000,#ETH,30,6,164
1674770400,#ETH,28,2,170
1674766800,#ETH,25,7,168
1674763200,#ETH,35,4,161
1674759600,#ETH,22,13,165
1674756000,#ETH,27,6,167
1674752400,#ETH,26,2,172
1674748800,#ETH,28,2,170
1674745200,#ETH,18,4,178
1674741600,#ETH,33,2,165
1674738000,#ETH,21,2,177
1674734400,#ETH,25,6,169
1674730800,#ETH,30,2,168
1674727200,#ETH,14,3,183
1674723600,#ETH,27,0,173
1674720000,#ETH,28,1,171
1674716400,#ETH,20,4,176
1674712800,#ETH,29,2,169
1674709200,#ETH,25,2,173
1674705600,#ETH,25,6,169
1674702000,#ETH,30,5,165
1674698400,#ETH,23,3,174
1674694800,#ETH,23,4,173
1674691200,#ETH,24,4,172
1674687600,#ETH,34,3,163
1674684000,#ETH,32,4,164
1674680400,#ETH,29,0,171
1674676800,#ETH,24,2,174
1674673200,#ETH,35,6,159
1674669600,#ETH,31,1,168
1674666000,#ETH,32,8,160
1674662400,#ETH,29,4,167
1674658800,#ETH,27,2,171
1674655200,#ETH,28,5,167
1674651600,#ETH,24,2,174
1674648000,#ETH,28,4,168
1674644400,#ETH,33,1,166
1674640800,#ETH,25,7,168
1674637200,#ETH,19,2,179
1674633600,#ETH,18,2,180
1674630000,#ETH,23,3,174
1674626400,#ETH,30,5,160
1674622800,#ETH,20,4,176
1674619200,#ETH,26,5,169
1674615600,#ETH,27,6,167
1674612000,#ETH,23,4,173
1674608400,#ETH,24,1,175
1674604800,#ETH,31,4,165
1674601200,#ETH,21,4,175
1674597600,#ETH,24,2,174
1674594000,#ETH,24,2,174
1674590400,#ETH,31,3,166
1674586800,#ETH,32,5,163
1674583200,#ETH,37,6,157
1674579600,#ETH,25,5,170
1674576000,#ETH,25,4,171
1674572400,#ETH,26,2,172
1674568800,#ETH,30,1,169
1674565200,#ETH,27,2,171
1674561600,#ETH,32,3,165
1674558000,#ETH,33,4,163
1674554400,#ETH,23,5,172
1674550800,#ETH,27,1,172
1674547200,#ETH,32,1,167
1674543600,#ETH,37,3,160
1674540000,#ETH,23,4,173
1674536400,#ETH,27,4,169
1674532800,#ETH,28,2,166
1674529200,#ETH,24,5,171
1674525600,#ETH,18,6,176
1674522000,#ETH,24,5,171
1674518400,#ETH,18,7,175
1674514800,#ETH,40,1,159
1674511200,#ETH,36,2,162
1674507600,#ETH,34,10,156
1674504000,#ETH,25,4,171
1674500400,#ETH,26,5,169
1674496800,#ETH,26,1,173
1674493200,#ETH,33,5,162
1674489600,#ETH,30,6,164
1674486000,#ETH,34,6,160
1674482400,#ETH,24,3,173
1674478800,#ETH,21,3,176
1674475200,#ETH,20,4,176
1674471600,#ETH,22,3,175
1674468000,#ETH,31,1,168
1674464400,#ETH,28,0,172
1674460800,#ETH,18,1,181
1674457200,#ETH,40,1,159
1674453600,#ETH,22,1,177
1674450000,#ETH,24,4,172
1674446400,#ETH,21,0,179
1674442800,#ETH,20,1,179
1674439200,#ETH,22,2,176
1674435600,#ETH,26,5,169
1674432000,#ETH,22,3,175
1674428400,#ETH,27,3,170
1674424800,#ETH,26,5,169
1674421200,#ETH,24,3,173
1674417600,#ETH,34,2,164
1674414000,#ETH,32,5,163
1674410400,#ETH,25,1,174
1674406800,#ETH,25,5,170
1674403200,#ETH,31,7,162
1674399600,#ETH,20,5,175
1674396000,#ETH,30,3,167
1674392400,#ETH,27,2,171
1674388800,#ETH,30,4,166
1674385200,#ETH,19,2,179
1674381600,#ETH,18,2,180
1674378000,#ETH,23,3,174
1674374400,#ETH,25,3,172
1674370800,#ETH,27,2,171
1674367200,#ETH,23,2,175
1674363600,#ETH,15,2,163
1674360000,#ETH,27,3,170
1674356400,#ETH,18,3,177
1674352800,#ETH,19,8,173
1674349200,#ETH,36,2,162
1674345600,#ETH,21,3,176
1674342000,#ETH,31,4,165
1674338400,#ETH,22,4,174
1674334800,#ETH,24,4,172
1674331200,#ETH,34,2,164
1674327600,#ETH,27,4,169
1674324000,#ETH,23,4,173
1674320400,#ETH,27,3,170
1674316800,#ETH,21,6,173
1674313200,#ETH,27,0,173
1674309600,#ETH,16,4,180
1674306000,#ETH,19,2,179
1674302400,#ETH,21,5,174
1674298800,#ETH,16,3,181
1674295200,#ETH,21,2,177
1674291600,#ETH,28,3,169
1674288000,#ETH,35,3,162
1674284400,#ETH,24,0,176
1674280800,#ETH,22,4,174
1674277200,#ETH,16,0,184
1674273600,#ETH,29,2,162
1674270000,#ETH,22,3,175
1674266400,#ETH,17,1,182
1674262800,#ETH,18,2,180
1674259200,#ETH,11,4,185
1674255600,#ETH,25,4,171
1674252000,#ETH,27,1,172
1674248400,#ETH,24,4,172
1674244800,#ETH,29,5,166
1674241200,#ETH,27,4,169
1674237600,#ETH,24,2,174
1674234000,#ETH,21,2,177
1674230400,#ETH,34,2,164
1674226800,#ETH,26,3,171
1674223200,#ETH,35,3,162
1674219600,#ETH,25,0,175
1674216000,#ETH,27,2,171
1674212400,#ETH,31,0,169
1674208800,#ETH,22,2,176
1674205200,#ETH,17,2,181
1674201600,#ETH,16,2,182
1674198000,#ETH,25,3,172
1674194400,#ETH,25,2,173
1674190800,#ETH,26,0,174
1674187200,#ETH,20,1,179
1674183600,#ETH,16,3,181
1674180000,#ETH,20,2,178
1674176400,#ETH,27,4,169
1674172800,#ETH,34,2,164
1674169200,#ETH,37,1,162
1674165600,#ETH,40,4,156
1674162000,#ETH,32,6,162
1674158400,#ETH,32,4,164
1674154800,#ETH,20,1,179
1674151200,#ETH,24,2,174
1674147600,#ETH,27,3,170
1674144000,#ETH,29,2,169
1674140400,#ETH,27,6,167
1674136800,#ETH,36,2,162
1674133200,#ETH,23,1,176
1674129600,#ETH,30,7,163
1674126000,#ETH,16,2,182
1674122400,#ETH,20,3,177
1674118800,#ETH,19,2,179
1674115200,#ETH,16,2,182
1674111600,#ETH,23,0,177
1674108000,#ETH,18,5,177
1674104400,#ETH,18,3,179
1674100800,#ETH,28,4,168
1674097200,#ETH,18,7,175
1674093600,#ETH,19,0,181
1674090000,#ETH,10,6,184
1674086400,#ETH,15,5,180
1674082800,#ETH,37,6,157
1674079200,#ETH,31,7,162
1674075600,#ETH,26,1,173
1674072000,#ETH,19,4,177
1674068400,#ETH,19,2,179
1674064800,#ETH,21,8,171
1674061200,#ETH,25,6,169
1674057600,#ETH,9,0,191
1674054000,#ETH,21,2,177
1674050400,#ETH,29,1,170
1674046800,#ETH,22,2,176
1674043200,#ETH,35,0,165
1674039600,#ETH,27,5,168
1674036000,#ETH,16,0,184
1674032400,#ETH,18,1,181
1674028800,#ETH,31,1,168
1674025200,#ETH,16,2,182
1674021600,#ETH,13,3,184
1674018000,#ETH,20,4,176
1674014400,#ETH,20,3,177
1674010800,#ETH,19,5,176
1674007200,#ETH,20,1,175
1674003600,#ETH,17,1,182
1674000000,#ETH,11,1,188
1673996400,#ETH,34,3,163
1673992800,#ETH,28,1,171
1673989200,#ETH,18,4,178
1673985600,#ETH,40,5,155
1673982000,#ETH,22,3,175
1673978400,#ETH,21,1,178
1673974800,#ETH,25,6,169
1673971200,#ETH,39,1,160
1673967600,#ETH,31,5,164
1673964000,#ETH,26,5,169
1673960400,#ETH,18,3,179
1673956800,#ETH,24,4,172
1673953200,#ETH,20,4,176
1673949600,#ETH,21,6,173
1673946000,#ETH,24,2,174
1673942400,#ETH,16,5,179
1673938800,#ETH,15,1,184
1673935200,#ETH,23,5,172
1673931600,#ETH,23,5,172
1673928000,#ETH,18,0,182
1673924400,#ETH,24,3,173
1673920800,#ETH,26,2,161
1673917200,#ETH,22,1,177
1673913600,#ETH,28,5,167
1673910000,#ETH,28,3,169
1673906400,#ETH,29,2,169
1673902800,#ETH,30,3,167
1673899200,#ETH,26,8,166
1673895600,#ETH,22,4,174
1673892000,#ETH,21,1,178
1673888400,#ETH,23,4,173
1673884800,#ETH,23,4,173
1673881200,#ETH,27,4,169
1673877600,#ETH,30,5,165
1673874000,#ETH,21,4,175
1673870400,#ETH,37,3,160
1673866800,#ETH,33,4,163
1673863200,#ETH,31,4,165
1673859600,#ETH,23,4,173
1673856000,#ETH,30,4,166
1673852400,#ETH,19,2,179
1673848800,#ETH,18,3,179
1673845200,#ETH,29,2,169
1673841600,#ETH,26,2,172
1673838000,#ETH,22,1,177
1673834400,#ETH,21,3,176
1673830800,#ETH,16,5,179
1673827200,#ETH,32,5,163
1673823600,#ETH,26,2,172
1673820000,#ETH,26,5,169
1673816400,#ETH,39,2,159
1673812800,#ETH,33,2,165
1673809200,#ETH,31,3,166
1673805600,#ETH,24,3,173
1673802000,#ETH,24,1,175
1673798400,#ETH,30,5,165
1673794800,#ETH,24,3,173
1673791200,#ETH,31,1,168
1673787600,#ETH,26,2,172
1673784000,#ETH,21,4,175
1673780400,#ETH,28,2,170
1673776800,#ETH,36,2,162
1673773200,#ETH,25,2,173
1673769600,#ETH,18,3,179
1673766000,#ETH,34,2,164
1673762400,#ETH,22,4,174
1673758800,#ETH,18,2,136
1673755200,#ETH,20,2,178
1673751600,#ETH,22,7,171
1673748000,#ETH,21,5,174
1673744400,#ETH,29,1,170
1673740800,#ETH,20,2,178
1673737200,#ETH,28,6,166
1673733600,#ETH,31,8,161
1673730000,#ETH,31,4,165
1673726400,#ETH,24,2,174
1673722800,#ETH,29,2,169
1673719200,#ETH,34,3,163
1673715600,#ETH,33,5,162
1673712000,#ETH,23,7,170
1673708400,#ETH,29,9,162
1673704800,#ETH,31,3,166
1673701200,#ETH,19,6,175
1673697600,#ETH,23,4,173
1673694000,#ETH,38,0,162
1673690400,#ETH,26,5,169
1673686800,#ETH,21,3,176
1673683200,#ETH,18,6,176
1673679600,#ETH,33,4,163
1673676000,#ETH,24,3,173
1673672400,#ETH,24,4,172
1673668800,#ETH,31,6,163
1673665200,#ETH,31,9,160
1673661600,#ETH,26,5,169
1673658000,#ETH,33,10,157
1673654400,#ETH,18,7,175
1673650800,#ETH,38,4,158
1673647200,#ETH,25,6,169
1673643600,#ETH,27,6,167
1673640000,#ETH,20,4,176
1673636400,#ETH,35,7,158
1673632800,#ETH,23,3,174
1673629200,#ETH,33,6,161
1673625600,#ETH,28,3,169
1673622000,#ETH,22,4,174
1673618400,#ETH,32,3,165
1673614800,#ETH,25,2,173
1673611200,#ETH,28,1,171
1673607600,#ETH,23,1,176
1673604000,#ETH,19,4,177
1673600400,#ETH,18,4,178
1673596800,#ETH,18,6,176
1673593200,#ETH,27,2,171
1673589600,#ETH,22,6,163
1673586000,#ETH,29,6,165
1673582400,#ETH,26,5,169
1673578800,#ETH,29,0,171
1673575200,#ETH,30,2,168
1673571600,#ETH,24,3,173
1673568000,#ETH,28,5,167
1673564400,#ETH,30,4,166
1673560800,#ETH,28,6,166
1673557200,#ETH,31,3,166
1673553600,#ETH,30,2,168
1673550000,#ETH,24,3,173
1673546400,#ETH,28,5,167
1673542800,#ETH,20,2,178
1673539200,#ETH,21,2,177
1673535600,#ETH,23,6,171
1673532000,#ETH,21,2,177
1673528400,#ETH,23,3,174
1673524800,#ETH,24,4,172
1673521200,#ETH,25,3,172
1673517600,#ETH,21,2,177
1673514000,#ETH,20,1,179
1673510400,#ETH,11,2,187
1673506800,#ETH,25,5,170
1673503200,#ETH,20,4,176
1673499600,#ETH,30,3,167
1673496000,#ETH,24,7,169
1673492400,#ETH,26,3,171
1673488800,#ETH,35,6,159
1673485200,#ETH,22,4,174
1673481600,#ETH,29,11,160
1673478000,#ETH,24,6,170
1673474400,#ETH,25,2,173
1673470800,#ETH,28,0,172
1673467200,#ETH,33,2,165
1673463600,#ETH,31,8,161
1673460000,#ETH,27,0,173
1673456400,#ETH,23,5,172
1673452800,#ETH,30,2,168
1673449200,#ETH,26,5,169
1673445600,#ETH,27,4,169
1673442000,#ETH,21,1,178
1673438400,#ETH,29,5,166
1673434800,#ETH,22,1,177
1673431200,#ETH,18,2,180
1673427600,#ETH,13,2,185
1673424000,#ETH,29,5,166
1673420400,#ETH,23,0,177
1673416800,#ETH,16,1,183
1673413200,#ETH,18,4,178
1673409600,#ETH,6,1,193
1673406000,#ETH,10,3,187
1673402400,#ETH,21,1,178
1673398800,#ETH,18,0,182
1673395200,#ETH,26,2,172
1673391600,#ETH,31,3,166
1673388000,#ETH,26,2,172
1673384400,#ETH,20,4,176
1673380800,#ETH,20,5,175
1673377200,#ETH,20,1,179
1673373600,#ETH,19,3,178
1673370000,#ETH,15,4,181
1673366400,#ETH,17,3,180
1673362800,#ETH,17,3,180
1673359200,#ETH,21,4,175
1673355600,#ETH,20,2,178
1673352000,#ETH,17,3,180
1673348400,#ETH,23,2,175
1673344800,#ETH,19,3,178
1673341200,#ETH,9,0,191
1673337600,#ETH,25,2,173
1673334000,#ETH,20,4,176
1673330400,#ETH,19,2,179
1673326800,#ETH,12,5,183
1673323200,#ETH,26,6,168
1673319600,#ETH,10,1,189
1673316000,#ETH,16,2,182
1673312400,#ETH,18,1,181
1673308800,#ETH,22,4,174
1673305200,#ETH,22,15,163
1673301600,#ETH,16,12,172
1673298000,#ETH,20,12,168
1673294400,#ETH,20,13,167
1673290800,#ETH,22,10,168
1673287200,#ETH,21,3,176
1673283600,#ETH,17,6,177
1673280000,#ETH,33,3,164
1673276400,#ETH,27,1,172
1673272800,#ETH,28,1,171
1673269200,#ETH,25,1,174
1673265600,#ETH,27,0,173
1673262000,#ETH,15,1,184
1673258400,#ETH,21,3,176
1673254800,#ETH,17,2,181
1673251200,#ETH,21,1,178
1673247600,#ETH,26,2,172
1673244000,#ETH,15,3,182
1673240400,#ETH,14,5,181
1673236800,#ETH,20,3,177
1673233200,#ETH,13,8,179
1673229600,#ETH,17,7,176
1673226000,#ETH,9,4,187
1673222400,#ETH,14,7,179
1673218800,#ETH,20,4,176
1673215200,#ETH,23,0,177
1673211600,#ETH,19,3,178
1673208000,#ETH,29,5,166
1673204400,#ETH,22,5,173
1673200800,#ETH,28,4,168
1673197200,#ETH,27,2,171
1673193600,#ETH,20,3,177
1673190000,#ETH,23,2,175
1673186400,#ETH,26,1,173
1673182800,#ETH,17,1,182
1673179200,#ETH,21,0,179
1673175600,#ETH,24,2,174
1673172000,#ETH,16,2,182
1673168400,#ETH,16,1,183
1673164800,#ETH,26,3,171
1673161200,#ETH,13,0,187
1673157600,#ETH,12,3,185
1673154000,#ETH,22,1,177
1673150400,#ETH,13,2,185
1673146800,#ETH,13,6,181
1673143200,#ETH,18,3,179
1673139600,#ETH,16,1,183
1673136000,#ETH,23,2,175
1673132400,#ETH,20,6,174
1673128800,#ETH,25,0,175
1673125200,#ETH,13,2,185
1673121600,#ETH,21,6,173
1673118000,#ETH,23,2,175
1673114400,#ETH,30,1,169
1673110800,#ETH,25,1,174
1673107200,#ETH,17,4,179
1673103600,#ETH,25,1,174
1673100000,#ETH,19,2,179
1673096400,#ETH,19,1,180
1673092800,#ETH,10,3,187
1673089200,#ETH,22,1,177
1673085600,#ETH,19,1,180
1673082000,#ETH,18,3,179
1673078400,#ETH,17,3,180
1673074800,#ETH,17,3,180
1673071200,#ETH,11,2,187
1673067600,#ETH,22,1,177
1673064000,#ETH,18,1,181
1673060400,#ETH,18,0,182
1673056800,#ETH,20,1,179
1673053200,#ETH,15,3,182
1673049600,#ETH,17,2,181
1673046000,#ETH,17,3,180
1673042400,#ETH,26,4,170
1673038800,#ETH,21,2,177
1673035200,#ETH,30,2,168
1673031600,#ETH,21,3,176
1673028000,#ETH,25,4,171
1673024400,#ETH,25,5,170
1673020800,#ETH,25,2,173
1673017200,#ETH,29,5,166
1673013600,#ETH,30,4,166
1673010000,#ETH,35,1,164
1673006400,#ETH,20,1,179
1673002800,#ETH,21,0,179
1672999200,#ETH,22,1,177
1672995600,#ETH,12,4,184
1672992000,#ETH,21,3,176
1672988400,#ETH,16,4,180
1672984800,#ETH,12,2,186
1672981200,#ETH,19,2,179
1672977600,#ETH,21,0,179
1672974000,#ETH,14,4,182
1672970400,#ETH,19,3,178
1672966800,#ETH,15,1,184
1672963200,#ETH,14,1,185
1672959600,#ETH,19,1,180
1672956000,#ETH,24,6,170
1672952400,#ETH,17,3,180
1672948800,#ETH,26,3,171
1672945200,#ETH,21,5,174
1672941600,#ETH,24,0,176
1672938000,#ETH,17,5,178
1672934400,#ETH,22,8,170
1672930800,#ETH,25,4,171
1672927200,#ETH,22,5,173
1672923600,#ETH,26,7,167
1672920000,#ETH,19,4,177
1672916400,#ETH,19,2,179
1672912800,#ETH,23,1,176
1672909200,#ETH,29,5,166
1672905600,#ETH,19,3,178
1672902000,#ETH,22,1,177
1672898400,#ETH,19,1,180
1672894800,#ETH,16,2,182
1672891200,#ETH,24,3,173
1672887600,#ETH,14,3,183
1672884000,#ETH,20,3,177
1672880400,#ETH,18,2,180
1672876800,#ETH,20,3,177
1672873200,#ETH,22,3,175
1672869600,#ETH,23,7,170
1672866000,#ETH,27,5,168
1672862400,#ETH,21,3,176
1672858800,#ETH,18,0,182
1672855200,#ETH,26,2,172
1672851600,#ETH,20,0,180
1672848000,#ETH,26,3,171
1672844400,#ETH,20,2,178
1672840800,#ETH,28,2,170
1672837200,#ETH,23,4,173
1672833600,#ETH,18,0,182
1672830000,#ETH,17,1,182
1672826400,#ETH,24,1,175
1672822800,#ETH,16,2,182
1672819200,#ETH,16,5,179
1672815600,#ETH,27,4,169
1672812000,#ETH,12,5,183
1672808400,#ETH,17,4,179
1672804800,#ETH,22,1,177
1672801200,#ETH,14,1,185
1672797600,#ETH,18,2,180
1672794000,#ETH,21,7,172
1672790400,#ETH,24,6,170
1672786800,#ETH,18,5,177
1672783200,#ETH,25,3,172
1672779600,#ETH,19,3,178
1672776000,#ETH,27,5,168
1672772400,#ETH,24,1,175
1672768800,#ETH,21,7,172
1672765200,#ETH,28,2,170
1672761600,#ETH,23,2,175
1672758000,#ETH,13,2,185
1672754400,#ETH,18,8,174
1672750800,#ETH,16,2,182
1672747200,#ETH,25,1,174
1672743600,#ETH,24,5,171
1672740000,#ETH,18,3,179
1672736400,#ETH,38,2,160
1672732800,#ETH,29,2,169
1672729200,#ETH,21,6,173
1672725600,#ETH,21,4,175
1672722000,#ETH,21,3,170
1672718400,#ETH,21,4,175
1672714800,#ETH,29,1,170
1672711200,#ETH,21,2,167
1672707600,#ETH,23,3,174
1672704000,#ETH,15,4,181
1672700400,#ETH,16,1,183
1672696800,#ETH,28,3,169
1672693200,#ETH,18,5,177
1672689600,#ETH,29,1,170
1672686000,#ETH,28,1,171
1672682400,#ETH,33,2,165
1672678800,#ETH,18,1,181
1672675200,#ETH,25,4,171
1672671600,#ETH,27,3,170
1672668000,#ETH,30,5,165
1672664400,#ETH,28,4,168
1672660800,#ETH,35,1,164
1672657200,#ETH,31,3,166
1672653600,#ETH,22,2,176
1672650000,#ETH,26,1,173
1672646400,#ETH,24,3,173
1672642800,#ETH,21,5,174
1672639200,#ETH,20,0,148
1672635600,#ETH,24,4,166
1672632000,#ETH,16,1,165
1672628400,#ETH,14,1,165
1672624800,#ETH,19,2,179
1672621200,#ETH,19,3,178
1672617600,#ETH,21,5,174
1672614000,#ETH,31,7,162
1672610400,#ETH,25,8,167
1672606800,#ETH,32,3,165
1672603200,#ETH,29,3,168
1672599600,#ETH,28,1,171
1672596000,#ETH,37,1,162
1672592400,#ETH,23,2,175
1672588800,#ETH,31,6,163
1672585200,#ETH,44,3,153
1672581600,#ETH,29,2,169
1672578000,#ETH,27,1,172
1672574400,#ETH,30,3,167
1672570800,#ETH,23,4,173
1672567200,#ETH,21,2,177
1672563600,#ETH,29,2,169
1672560000,#ETH,16,4,180
1672556400,#ETH,20,2,178
1672552800,#ETH,25,1,158
1672549200,#ETH,23,0,177
1672545600,#ETH,23,1,153
1672542000,#ETH,29,3,168
1672538400,#ETH,15,1,184
1672534800,#ETH,24,4,172
1672531200,#ETH,32,5,163
1672527600,#ETH,22,4,174
1672524000,#ETH,19,2,179
1672520400,#ETH,35,2,163
1672516800,#ETH,29,5,166
1672513200,#ETH,32,2,166
1672509600,#ETH,31,3,166
1672506000,#ETH,25,6,169
1672502400,#ETH,28,6,166
1672498800,#ETH,33,2,165
1672495200,#ETH,22,4,174
1672491600,#ETH,22,1,177
1672488000,#ETH,33,4,163
1672484400,#ETH,20,4,176
1672480800,#ETH,22,4,174
1672477200,#ETH,27,2,171
1672473600,#ETH,18,1,181
1672470000,#ETH,30,0,170
1672466400,#ETH,25,5,170
1672462800,#ETH,20,1,179
1672459200,#ETH,24,4,172
1672455600,#ETH,19,3,178
1672452000,#ETH,26,1,173
1672448400,#ETH,14,0,186
1672444800,#ETH,14,5,181
1672441200,#ETH,28,2,170
1672437600,#ETH,31,3,166
1672434000,#ETH,26,7,167
1672430400,#ETH,25,1,174
1672426800,#ETH,24,6,170
1672423200,#ETH,25,2,173
1672419600,#ETH,26,4,170
1672416000,#ETH,16,5,179
1672412400,#ETH,26,4,170
1672408800,#ETH,35,3,162
1672405200,#ETH,26,1,173
1672401600,#ETH,19,1,180
1672398000,#ETH,18,2,180
1672394400,#ETH,22,2,176
1672390800,#ETH,33,6,161
1672387200,#ETH,18,2,180
1672383600,#ETH,22,2,176
1672380000,#ETH,8,2,190
1672376400,#ETH,18,1,181
1672372800,#ETH,17,6,177
1672369200,#ETH,23,4,173
1672365600,#ETH,16,4,180
1672362000,#ETH,23,4,173
1672358400,#ETH,17,4,179
1672354800,#ETH,26,5,169
1672351200,#ETH,21,3,176
1672347600,#ETH,19,3,178
1672344000,#ETH,19,3,178
1672340400,#ETH,22,2,176
1672336800,#ETH,20,4,176
1672333200,#ETH,21,2,177
1672329600,#ETH,21,1,178
1672326000,#ETH,15,2,183
1672322400,#ETH,21,2,177
1672318800,#ETH,25,8,167
1672315200,#ETH,19,5,176
1672311600,#ETH,22,3,175
1672308000,#ETH,22,3,175
1672304400,#ETH,18,2,180
1672300800,#ETH,25,3,172
1672297200,#ETH,11,3,186
1672293600,#ETH,17,5,178
1672290000,#ETH,14,4,179
1672286400,#ETH,22,6,172
1672282800,#ETH,6,5,189
1672279200,#ETH,16,0,184
1672275600,#ETH,17,6,177
1672272000,#ETH,20,2,178
1672268400,#ETH,23,2,175
1672264800,#ETH,13,5,182
1672261200,#ETH,34,3,163
1672257600,#ETH,24,4,172
1672254000,#ETH,29,4,167
1672250400,#ETH,17,3,180
1672246800,#ETH,18,2,180
1672243200,#ETH,26,3,171
1672239600,#ETH,25,3,172
1672236000,#ETH,25,1,174
1672232400,#ETH,25,10,165
1672228800,#ETH,24,0,176
1672225200,#ETH,16,2,182
1672221600,#ETH,13,1,186
1672218000,#ETH,17,3,180
1672214400,#ETH,21,2,177
1672210800,#ETH,17,7,176
1672207200,#ETH,22,6,172
1672203600,#ETH,19,10,171
1672200000,#ETH,27,3,170
1672196400,#ETH,25,3,171
1672192800,#ETH,19,6,175
1672189200,#ETH,25,1,174
1672185600,#ETH,17,6,177
1672182000,#ETH,17,5,178
1672178400,#ETH,20,6,174
1672174800,#ETH,33,3,164
1672171200,#ETH,30,3,167
1672167600,#ETH,29,4,167
1672164000,#ETH,15,2,183
1672160400,#ETH,24,2,174
1672156800,#ETH,28,3,169
1672153200,#ETH,26,1,173
1672149600,#ETH,22,2,176
1672146000,#ETH,19,2,179
1672142400,#ETH,16,0,184
1672138800,#ETH,19,2,179
1672135200,#ETH,19,5,176
1672131600,#ETH,19,4,177
1672128000,#ETH,20,3,177
1672124400,#ETH,26,5,169
1672120800,#ETH,17,2,181
1672117200,#ETH,19,1,180
1672113600,#ETH,22,4,174
1672110000,#ETH,18,3,179
1672106400,#ETH,23,3,174
1672102800,#ETH,24,1,175
1672099200,#ETH,26,4,170
1672095600,#ETH,19,2,179
1672092000,#ETH,15,1,184
1672088400,#ETH,23,4,173
1672084800,#ETH,20,5,175
1672081200,#ETH,42,3,155
1672077600,#ETH,28,8,164
1672074000,#ETH,32,2,166
1672070400,#ETH,23,4,173
1672066800,#ETH,23,6,171
1672063200,#ETH,19,1,180
1672059600,#ETH,22,3,175
1672056000,#ETH,20,2,178
1672052400,#ETH,17,3,180
1672048800,#ETH,27,2,171
1672045200,#ETH,19,6,175
1672041600,#ETH,18,4,178
1672038000,#ETH,20,4,176
1672034400,#ETH,23,4,173
1672030800,#ETH,19,1,180
1672027200,#ETH,26,3,171
1672023600,#ETH,31,3,166
1672020000,#ETH,24,3,173
1672016400,#ETH,18,3,179
1672012800,#ETH,22,3,175
1672009200,#ETH,22,2,176
1672005600,#ETH,30,1,169
1672002000,#ETH,23,0,177
1671998400,#ETH,26,1,173
1671994800,#ETH,29,3,168
1671991200,#ETH,28,1,171
1671987600,#ETH,21,1,178
1671984000,#ETH,28,2,170
1671980400,#ETH,28,1,171
1671976800,#ETH,24,0,176
1671973200,#ETH,14,1,185
1671969600,#ETH,30,1,169
1671966000,#ETH,19,1,180
1671962400,#ETH,21,1,178
1671958800,#ETH,31,2,167
1671955200,#ETH,21,0,179
1671951600,#ETH,22,2,176
1671948000,#ETH,13,2,185
1671944400,#ETH,13,1,186
1671940800,#ETH,22,4,174
1671937200,#ETH,23,3,160
1671933600,#ETH,24,1,175
1671930000,#ETH,23,2,175
1671926400,#ETH,19,3,178
1671922800,#ETH,18,1,181
1671919200,#ETH,21,2,177
1671915600,#ETH,20,1,179
1671912000,#ETH,29,0,171
1671908400,#ETH,24,2,174
1671904800,#ETH,35,0,165
1671901200,#ETH,40,0,160
1671897600,#ETH,17,2,181
1671894000,#ETH,32,0,168
1671890400,#ETH,20,1,179
1671886800,#ETH,23,3,174
1671883200,#ETH,22,3,175
1671879600,#ETH,17,4,179
1671876000,#ETH,23,0,177
1671872400,#ETH,19,1,180
1671868800,#ETH,23,1,176
1671865200,#ETH,17,0,183
1671861600,#ETH,13,0,187
1671858000,#ETH,16,1,180
1671854400,#ETH,24,3,173
1671850800,#ETH,19,4,177
1671847200,#ETH,15,5,180
1671843600,#ETH,18,2,180
1671840000,#ETH,23,2,175
1671836400,#ETH,20,4,176
1671832800,#ETH,19,2,179
1671829200,#ETH,34,2,164
1671825600,#ETH,31,9,160
1671822000,#ETH,30,1,169
1671818400,#ETH,21,1,178
1671814800,#ETH,20,4,176
1671811200,#ETH,23,3,174
1671807600,#ETH,30,1,169
1671804000,#ETH,10,2,188
1671800400,#ETH,32,2,166
1671796800,#ETH,27,2,171
1671793200,#ETH,15,3,182
1671789600,#ETH,18,5,177
1671786000,#ETH,21,3,176
1671782400,#ETH,26,4,170
1671778800,#ETH,18,1,181
1671775200,#ETH,17,2,181
1671771600,#ETH,23,3,174
1671768000,#ETH,13,5,182
1671764400,#ETH,20,4,176
1671760800,#ETH,22,5,173
1671757200,#ETH,20,3,177
1671753600,#ETH,17,6,177
1671750000,#ETH,24,6,170
1671746400,#ETH,25,3,172
1671742800,#ETH,24,4,172
1671739200,#ETH,20,2,178
1671735600,#ETH,12,2,186
1671732000,#ETH,22,2,176
1671728400,#ETH,24,5,171
1671724800,#ETH,24,5,171
1671721200,#ETH,24,1,175
1671717600,#ETH,15,3,182
1671714000,#ETH,22,3,175
1671710400,#ETH,16,1,183
1671706800,#ETH,19,1,180
1671703200,#ETH,20,0,180
1671699600,#ETH,19,1,180
1671696000,#ETH,17,3,180
1671692400,#ETH,17,2,181
1671688800,#ETH,21,1,178
1671685200,#ETH,12,5,183
1671681600,#ETH,13,8,179
1671678000,#ETH,14,9,177
1671674400,#ETH,14,2,184
1671670800,#ETH,17,1,182
1671667200,#ETH,12,6,182
1671663600,#ETH,29,2,169
1671660000,#ETH,19,1,180
1671656400,#ETH,22,2,176
1671652800,#ETH,16,2,182
1671649200,#ETH,24,3,173
1671645600,#ETH,27,1,172
1671642000,#ETH,20,3,177
1671638400,#ETH,28,4,168
1671634800,#ETH,26,1,173
1671631200,#ETH,18,3,179
1671627600,#ETH,24,3,173
1671624000,#ETH,26,2,172
1671620400,#ETH,18,1,181
1671616800,#ETH,19,2,179
1671613200,#ETH,16,2,182
1671609600,#ETH,21,2,177
1671606000,#ETH,13,3,184
1671602400,#ETH,20,1,179
1671598800,#ETH,9,2,189
1671595200,#ETH,27,1,172
1671591600,#ETH,19,3,178
1671588000,#ETH,13,0,187
1671584400,#ETH,18,4,178
1671580800,#ETH,18,4,178
1671577200,#ETH,23,8,169
1671573600,#ETH,19,1,180
1671570000,#ETH,27,6,167
1671566400,#ETH,17,3,180
1671562800,#ETH,26,10,164
1671559200,#ETH,11,3,186
1671555600,#ETH,24,4,172
1671552000,#ETH,30,4,166
1671548400,#ETH,17,2,181
1671544800,#ETH,24,0,176
1671541200,#ETH,22,4,174
1671537600,#ETH,18,3,179
1671534000,#ETH,11,0,189
1671530400,#ETH,20,0,180
1671526800,#ETH,21,4,175
1671523200,#ETH,18,1,181
1671519600,#ETH,20,5,175
1671516000,#ETH,17,1,182
1671512400,#ETH,12,0,188
1671508800,#ETH,22,2,176
1671505200,#ETH,16,0,184
1671501600,#ETH,16,5,179
1671498000,#ETH,21,5,174
1671494400,#ETH,20,4,176
1671490800,#ETH,13,0,187
1671487200,#ETH,19,2,179
1671483600,#ETH,10,5,185
1671480000,#ETH,12,1,187
1671476400,#ETH,8,3,189
1671472800,#ETH,35,1,164
1671469200,#ETH,12,1,187
1671465600,#ETH,18,4,178
1671462000,#ETH,26,5,169
1671458400,#ETH,26,6,168
1671454800,#ETH,20,0,180
1671451200,#ETH,18,2,180
1671447600,#ETH,10,5,185
1671444000,#ETH,18,5,177
1671440400,#ETH,15,4,181
1671436800,#ETH,24,2,174
1671433200,#ETH,27,6,167
1671429600,#ETH,9,2,189
1671426000,#ETH,15,1,184
1671422400,#ETH,9,1,190
1671418800,#ETH,9,0,191
1671415200,#ETH,14,3,183
1671411600,#ETH,21,1,178
1671408000,#ETH,17,2,181
1671404400,#ETH,25,2,173
1671400800,#ETH,21,2,177
1671397200,#ETH,19,1,180
1671393600,#ETH,23,4,173
1671390000,#ETH,25,0,175
1671386400,#ETH,20,1,179
1671382800,#ETH,20,2,178
